{"version": 1, "reader_version": 1, "large_format": false, "spatial_calibrations": [{"offset": -128.0, "scale": 2.0, "units": "nm"}, {"offset": -128.0, "scale": 2.0, "units": "nm"}], "intensity_calibration": {"offset": 0.0, "scale": 1.0, "units": ""}, "collection_dimension_count": 0, "datum_dimension_count": 2, "metadata": {"instrument": {"high_tension": 60000.0, "defocus": -5.42119936034704e-08, "condenser_setting": "30mrad10i", "axis_transformation_matrices": {"correctoraxis": {"a": [1.0, 0.0], "b": [0.0, 1.0]}, "eels": {"ex": [-0.650746130370813, -0.759295379814346], "ey": [-0.759295379814346, 0.650746130370813]}, "mc": {"mx": [-0.340482586589231, -0.940250821977576], "my": [-0.940250821977576, 0.340482586589231]}, "postsample": {"px": [0.739031302569558, 0.673671087269109], "py": [-0.673671087269109, 0.739031302569558]}, "scan": {"u": [-0.834865821568427, -0.550453503919155], "v": [0.550453503919155, -0.834865821568427]}, "stageaxis": {"sx": [-0.591719898214555, 0.54746749822893], "sy": [0.510188751401829, 0.714338392068463]}, "stagetiltaxis": {"sa": [-0.994712259992285, -0.102701118888944], "sb": [-0.102701118888944, 0.994712259992285]}, "tv": {"x": [-0.790870409301494, -0.611983656392299], "y": [0.611983656392299, -0.790870409301494]}}, "ImageScanned": {"EHT": 60000.0, "PMTBF_gain": 1024.0, "PMTDF_gain": 7734.375, "StageOutA": 0.3, "StageOutB": 0.0, "StageOutX": -7.88145647351058e-05, "StageOutY": 4.247902054851e-06, "StageOutZ": -0.000179783021165446, "C10": -5.42119936034704e-08, "C30": 0.000167596015559324, "C50": 0.00389577772076352, "C1 ConstW": 0.33189, "C2 ConstW": 0.486004099999994, "C3 ConstW": 0.676775, "PMT2_gain": 172032.0, "SuperFEG.^EmissionCurrent": 2.15087110709468e-06, "G_2Db": -0.00884215235613336, "LastTuneCurrent": 2.1344022382852e-10, "probe_ha": 0.035097, "HAADF_Inner_ha": 0.075, "HAADF_Outer_ha": 0.208, "GeometricProbeSize": 6.65238938010088e-10}}, "scan": {"hardware_source_id": "superscan", "hardware_source_name": "SuperScan", "scan_id": "6ee732e3-c6bf-4a9c-a068-73b21beff988", "center_x_nm": 0.0, "center_y_nm": 0.0, "fov_nm": 256.0, "rotation": 0.0, "rotation_deg": 0.0, "scan_context_size": [128, 128], "subscan_fractional_size": [1.0, 1.0], "scan_size": [128.0, 128.0], "subscan_fractional_center": [0.5, 0.5], "scan_device_parameters": {"pixel_size": [128, 128], "center_nm": [0.0, 0.0], "pixel_time_us": 9799.833333333334, "fov_nm": 256.0, "rotation_rad": 0.0, "ac_line_sync": false, "ac_frame_sync": false, "external_clock_mode": 1, "external_clock_wait_time_ms": 20000, "external_scan_mode": 0, "external_scan_ratio": 0.0, "subscan_rotation": 0.0, "subscan_pixel_size": [128, 128], "subscan_fractional_size": [1.0, 1.0], "subscan_fractional_center": [0.5, 0.5], "subscan_type_partial": true}, "scan_device_properties": {"ac_line_sync": 2.0, "center_x_nm": 0.0, "center_y_nm": 0.0, "flyback_time_us": 19600.0, "fov_nm": 255.999992759826, "line_time_us": 1274000.0, "pixel_time_us": 9800.0, "pixels_x": 128.0, "pixels_y": 128.0, "requested_pixel_time_us": 9799.8334094882, "rotation_deg": 0.0, "rotation_rad": 0.0, "calibration_style": "space", "flyback_pixels": 2, "mag_boards": {"MagBoard 0 DAC 0": 0.0, "MagBoard 0 DAC 1": 0.0, "MagBoard 0 DAC 10": 53362.0, "MagBoard 0 DAC 11": 56541.0, "MagBoard 0 DAC 2": 0.0, "MagBoard 0 DAC 3": 0.0, "MagBoard 0 DAC 4": 53455.0, "MagBoard 0 DAC 5": 8631.0, "MagBoard 0 DAC 6": 51395.0, "MagBoard 0 DAC 7": 4661.0, "MagBoard 0 DAC 8": 14196.0, "MagBoard 0 DAC 9": 4617.0, "MagBoard 0 Relay": 352.0, "MagBoard 1 DAC 0": 0.0, "MagBoard 1 DAC 1": 0.0, "MagBoard 1 DAC 10": 18383.0, "MagBoard 1 DAC 11": 56191.0, "MagBoard 1 DAC 2": 0.0, "MagBoard 1 DAC 3": 0.0, "MagBoard 1 DAC 4": 20342.0, "MagBoard 1 DAC 5": 54971.0, "MagBoard 1 DAC 6": 36254.0, "MagBoard 1 DAC 7": 18069.0, "MagBoard 1 DAC 8": 25151.0, "MagBoard 1 DAC 9": 50389.0, "MagBoard 1 Relay": 352.0}}, "valid_rows": 1}, "hardware_source": {"hardware_source_id": "superscan", "hardware_source_name": "SuperScan", "exposure": 160.5632, "frame_index": 0, "channel_id": "a", "channel_name": "HADF", "pixel_time_us": 9800.0, "line_time_us": 1274000.0, "valid_rows": 1, "channel_index": 0, "reference_key": "superscan_a", "view_id": "76f7993f-f8d6-4807-8f54-bece5d17104f"}}, "properties": {"hardware_source_id": "superscan", "hardware_source_name": "SuperScan", "exposure": 160.5632, "frame_index": 0, "channel_id": "a", "channel_name": "HADF", "pixel_time_us": 9800.0, "line_time_us": 1274000.0, "valid_rows": 1, "channel_index": 0, "reference_key": "superscan_a", "view_id": "76f7993f-f8d6-4807-8f54-bece5d17104f"}, "title": "Acquire Synchronized HADF 13", "source_file_path": null, "datetime_modified": {"local_datetime": "2026-02-19T11:11:44.288703", "tz": "+0100", "dst": "+00", "timezone": "Europe/Berlin"}, "datetime_original": {"local_datetime": "2026-02-19T11:11:44.288703", "tz": "+0100", "dst": "+00", "timezone": "Europe/Berlin"}, "uuid": "a373563f-e533-4a25-a3df-ce5aa462b972"}